produto_id,status,n_insumos
0001,ok,626
0002,ok,2741
0003,ok,4433
0004,ok,452
0005,ok,687
0006,ok,725
0007,ok,2265
0008,ok,120
0009,ok,31
0013,vazio,0
0014,vazio,0
0015,vazio,0
0016,vazio,0
0017,ok,3
0021,vazio,0
0022,ok,10
0023,ok,84
0024,ok,177
0026,vazio,0
0027,ok,60
0028,ok,12
0033,vazio,0
0035,vazio,0
0036,ok,23
0040,ok,72
0043,ok,23
0045,ok,453
0046,ok,134
0047,ok,44
0049,ok,42
0050,ok,162
0052,ok,157
0053,vazio,0
0054,vazio,0
0055,vazio,0
0056,vazio,0
0057,ok,241
0058,ok,42
0059,vazio,0
0060,vazio,0
0061,vazio,0
0062,vazio,0
0064,ok,95
0065,ok,37
0066,ok,419
0068,ok,164
0069,ok,48
0070,ok,19
0071,ok,32
0072,ok,202
0073,ok,72
0074,ok,21
0075,ok,6
0076,ok,168
0077,ok,492
0078,ok,74
0079,ok,9
0080,ok,14
0081,vazio,0
0082,ok,9
0084,ok,25
0085,ok,2
0086,vazio,0
0087,ok,31
0088,vazio,0
0089,ok,769
0090,vazio,0
0091,ok,260
0092,ok,3
0093,vazio,0
0094,vazio,0
0095,ok,47
0096,ok,283
0097,ok,35
0098,ok,143
0099,ok,539
0100,ok,475
0101,ok,47
0102,ok,87
0103,vazio,0
0104,ok,210
0105,ok,557
0106,ok,759
0107,ok,207
0108,ok,338
0109,ok,70
0110,vazio,0
0111,ok,62
0114,ok,313
0115,ok,489
0116,ok,12
0118,ok,56
0119,ok,18
0120,ok,100
0121,ok,27
0122,ok,29
0123,ok,11
0124,ok,20
0125,ok,5
0126,vazio,0
0128,ok,127
0131,vazio,0
0132,ok,5
0133,ok,13
0137,vazio,0
0139,ok,467
0140,ok,80
0141,ok,2
0142,ok,5
0143,ok,1
0144,ok,1
0145,vazio,0
0146,ok,24
0147,ok,3
0148,ok,8
0149,ok,48
0150,ok,50
0151,ok,72
0152,ok,8
0153,ok,7
0159,ok,2
0163,ok,21
0164,vazio,0
0166,ok,12
0167,ok,44
0168,vazio,0
0169,ok,25
0170,ok,6
0171,ok,6
0173,ok,9
0174,ok,21
0175,ok,33
0176,ok,13
0177,ok,111
0179,ok,52
0180,ok,34
0181,ok,58
0184,ok,117
0186,ok,2
0188,ok,400
0189,ok,210
0190,ok,33
0191,ok,23
0192,ok,4
0193,ok,3
0194,ok,3
0195,ok,1
0196,vazio,0
0202,ok,524
0203,ok,41
0204,ok,17
0205,ok,4
0206,ok,21
0207,ok,45
0208,ok,40
0210,vazio,0
0213,vazio,0
0216,ok,27
0217,ok,27
0218,ok,67
0219,ok,2
0220,ok,13
0221,ok,2
0222,ok,14
0224,ok,179
0225,ok,333
0226,ok,171
0227,ok,198
0228,vazio,0
0230,ok,263
0236,ok,135
0238,ok,42
0239,vazio,0
0240,vazio,0
0241,ok,240
0242,ok,119
0243,ok,197
0244,ok,18
0245,ok,2
0246,ok,12
0247,ok,29
0248,ok,73
0249,ok,14
0250,vazio,0
0251,ok,67
0252,vazio,0
0253,ok,7
0254,ok,3
0255,ok,17
0256,ok,10
0257,ok,25
0258,ok,68
0259,ok,3
0260,vazio,0
0261,ok,2
0262,ok,22
0263,ok,8
0264,ok,70
0265,ok,3
0266,ok,12
0268,ok,7
0269,ok,6
0270,ok,4
0271,vazio,0
0272,ok,10
0276,ok,30
0277,ok,520
0278,ok,170
0280,ok,53
0282,ok,289
0283,ok,51
0284,ok,119
0285,ok,1072
0288,ok,54
0291,ok,22
0292,ok,4
0293,ok,57
0295,ok,68
0296,ok,20
0297,ok,36
0298,ok,76
0299,ok,39
0300,ok,122
0301,ok,135
0302,ok,337
0304,ok,103
0305,vazio,0
0306,ok,47
0307,ok,477
0308,ok,97
0309,ok,314
0310,ok,126
0311,ok,84
0312,ok,174
0313,ok,103
0314,vazio,0
0315,ok,137
0316,ok,22
0317,ok,79
0318,vazio,0
0319,ok,288
0320,ok,551
0321,ok,14
0322,ok,6
0323,ok,100
0324,ok,6
0325,vazio,0
0326,vazio,0
0327,vazio,0
0328,ok,86
0329,ok,68
0332,ok,190
0333,ok,119
0334,vazio,0
0335,ok,731
0336,vazio,0
0337,vazio,0
0338,vazio,0
0339,vazio,0
0341,vazio,0
0342,ok,26
0343,vazio,0
0344,ok,115
0345,vazio,0
0346,ok,593
0347,vazio,0
0348,ok,227
0349,ok,91
0351,ok,45
0353,vazio,0
0354,vazio,0
0355,vazio,0
0356,ok,63
0357,vazio,0
0358,ok,2
0361,ok,679
0362,vazio,0
0363,ok,30
0366,ok,11
0367,ok,16
0368,ok,7
0369,ok,10
0370,ok,13
0371,ok,15
0372,ok,16
0373,ok,1
0374,ok,5
0375,ok,61
0376,ok,1
0377,ok,46
0378,ok,69
0379,vazio,0
0380,vazio,0
0381,ok,9
0382,ok,19
0383,ok,8
0384,ok,46
0385,ok,5
0386,vazio,0
0387,ok,1
0388,vazio,0
0389,vazio,0
0390,ok,30
0391,ok,16
0392,ok,1
0393,ok,2
0394,ok,5
0395,ok,50
0396,ok,14
0397,ok,15
0398,vazio,0
0399,ok,82
0400,vazio,0
0402,ok,11
0403,vazio,0
0404,ok,3
0405,vazio,0
0406,vazio,0
0409,ok,19
0411,ok,1
0415,ok,157
0417,ok,39
0418,ok,23
0419,ok,1
0420,ok,2
0421,ok,3
0422,ok,5
0423,ok,5
0424,ok,1
0425,ok,62
0426,vazio,0
0427,ok,3
0428,vazio,0
0429,vazio,0
0431,vazio,0
0434,ok,2
0435,vazio,0
0438,ok,2
0439,ok,1
0440,vazio,0
0441,vazio,0
0446,vazio,0
0447,vazio,0
0448,vazio,0
0449,vazio,0
0452,ok,1
0453,vazio,0
0454,vazio,0
0455,vazio,0
0456,vazio,0
0460,vazio,0
0461,ok,5
0463,ok,5
0464,ok,21
0469,vazio,0
0470,vazio,0
0471,ok,10
0472,ok,13
0473,ok,6
0474,ok,6
0475,vazio,0
0476,vazio,0
0477,ok,7
0482,ok,31
0484,vazio,0
0487,ok,27
0489,ok,8
0501,vazio,0
0512,vazio,0
0513,vazio,0
0514,ok,12
0515,ok,2
0526,ok,8
0530,vazio,0
0531,vazio,0
0532,ok,5
0538,vazio,0
0539,vazio,0
0541,vazio,0
0546,vazio,0
0547,ok,1
0548,ok,7
0550,ok,209
0551,ok,19
0553,ok,4
0554,vazio,0
0555,vazio,0
0560,vazio,0
0561,vazio,0
0562,vazio,0
0563,vazio,0
0565,vazio,0
0567,vazio,0
0568,vazio,0
0570,vazio,0
0571,vazio,0
0572,vazio,0
0574,ok,1
0575,vazio,0
0576,ok,6
0579,vazio,0
0580,ok,1
0581,vazio,0
0583,vazio,0
0584,vazio,0
0589,ok,176
0590,vazio,0
0591,vazio,0
0602,vazio,0
0603,vazio,0
0607,ok,2
0608,ok,3
0609,vazio,0
0610,ok,11
0611,ok,10
0612,vazio,0
0613,vazio,0
0614,ok,1
0615,ok,2
0621,ok,1
0626,vazio,0
0627,vazio,0
0628,ok,12
0629,ok,15
0630,vazio,0
0631,vazio,0
0632,ok,1
0633,ok,1
0634,vazio,0
0636,ok,141
0637,ok,122
0639,vazio,0
0640,ok,19
0642,ok,13
0643,ok,26
0652,vazio,0
0653,ok,252
0654,ok,85
0655,ok,9
0656,vazio,0
0657,vazio,0
0659,vazio,0
0660,ok,5
0661,vazio,0
0662,ok,5
0665,ok,3
0667,vazio,0
0668,ok,49
0669,ok,36
0670,ok,21
0674,ok,107
0678,ok,10
0679,ok,12
0681,ok,335
0682,vazio,0
0683,ok,109
0688,vazio,0
0689,ok,12
0690,ok,12
0692,ok,8
0693,ok,6
0694,vazio,0
0695,ok,1
0696,vazio,0
0697,ok,49
0699,ok,99
0700,ok,115
0701,ok,280
0702,vazio,0
0703,ok,99
0704,ok,8
0705,ok,31
0706,ok,18
0707,vazio,0
0708,ok,10
0709,ok,6
0710,ok,77
0711,ok,1
0713,ok,88
0714,vazio,0
0715,ok,1
0716,vazio,0
0717,vazio,0
0718,vazio,0
0719,vazio,0
0720,vazio,0
0722,ok,186
0724,ok,723
0725,ok,2
0727,ok,21
0728,ok,10
0730,ok,6
0732,vazio,0
0733,ok,489
0734,ok,164
0735,ok,1361
0736,ok,30
0737,ok,1
0739,ok,41
0740,ok,31
0741,ok,2
0742,ok,4
0746,ok,41
0747,ok,5
0748,ok,196
0749,vazio,0
0750,ok,7
0751,vazio,0
0753,ok,119
0754,vazio,0
0757,vazio,0
0758,ok,1
0765,vazio,0
0768,ok,1
0769,ok,316
0771,vazio,0
0772,ok,193
0774,vazio,0
0775,vazio,0
0776,ok,319
0777,ok,42
0778,ok,42
0779,ok,175
0780,ok,334
0781,ok,23
0788,vazio,0
0791,ok,2
0792,vazio,0
0798,vazio,0
0800,ok,60
0801,ok,37
0804,ok,7
0806,vazio,0
0808,ok,6
0809,vazio,0
0811,vazio,0
0813,ok,7
0814,vazio,0
0815,vazio,0
0816,ok,4
0817,ok,33
0818,vazio,0
0819,ok,10
0820,ok,12
0821,ok,17
0822,ok,31
0823,ok,16
0824,vazio,0
0825,vazio,0
0830,ok,56
0831,vazio,0
0832,ok,157
0833,vazio,0
0840,ok,28
0841,ok,2
0842,ok,3
0843,vazio,0
0845,ok,3
0846,vazio,0
0847,vazio,0
0848,vazio,0
0849,ok,1
0850,vazio,0
0851,ok,1
0853,ok,1
0854,vazio,0
0855,vazio,0
0856,vazio,0
0857,vazio,0
0860,ok,1
0861,vazio,0
0862,ok,2
0863,ok,5
0866,vazio,0
0872,ok,2
0875,ok,4
0876,vazio,0
0877,vazio,0
0878,ok,15
0879,ok,1
0880,ok,3
0881,vazio,0
0886,ok,29
0887,ok,40
0888,ok,1
0889,vazio,0
0890,ok,2
0891,ok,2
0892,ok,2
0894,ok,41
0895,vazio,0
0896,ok,87
0897,ok,80
0898,vazio,0
0899,vazio,0
0901,vazio,0
0902,ok,1
0903,vazio,0
0904,vazio,0
0905,vazio,0
0906,ok,39
0907,ok,14
0908,ok,14
0909,vazio,0
0910,vazio,0
0911,vazio,0
0912,vazio,0
0913,ok,1
0914,vazio,0
0915,vazio,0
0916,vazio,0
0917,vazio,0
0919,ok,2
0921,vazio,0
0922,ok,10
0924,ok,39
0925,ok,6
0926,ok,20
0927,vazio,0
0931,ok,577
0932,ok,277
0935,ok,504
0936,ok,418
0937,vazio,0
0940,vazio,0
0941,ok,61
0944,ok,1
0945,vazio,0
0946,ok,1
0947,ok,1
0948,ok,1
0949,ok,1
0950,ok,25
0951,ok,2
0956,vazio,0
0957,vazio,0
0958,ok,12
0959,ok,6
0960,ok,3
0961,vazio,0
0962,vazio,0
0963,vazio,0
0964,vazio,0
0965,vazio,0
0966,ok,1
0967,ok,1
0968,vazio,0
0969,vazio,0
0974,vazio,0
0975,vazio,0
0976,ok,7
0977,ok,17
0978,ok,44
0979,vazio,0
0980,vazio,0
0981,ok,6
0982,ok,49
0987,vazio,0
0989,ok,29
0992,ok,16
0994,vazio,0
0995,vazio,0
0996,vazio,0
0997,vazio,0
0998,ok,15
1000,vazio,0
1001,ok,59
1002,vazio,0
1003,vazio,0
1004,vazio,0
1008,ok,64
1009,ok,26
1010,ok,42
1011,ok,45
1012,ok,19
1013,vazio,0
1014,vazio,0
1015,ok,20
1016,ok,131
1017,vazio,0
1019,ok,13
1020,ok,9
1023,vazio,0
1024,vazio,0
1025,vazio,0
1026,vazio,0
1027,ok,1
1028,vazio,0
1029,ok,1
1032,vazio,0
1033,ok,91
1034,ok,42
1035,ok,144
1036,vazio,0
1037,ok,6
1038,ok,25
1042,vazio,0
1043,ok,1
1044,vazio,0
1045,vazio,0
1048,vazio,0
1049,vazio,0
1050,vazio,0
1055,vazio,0
1056,vazio,0
1059,vazio,0
1060,vazio,0
1062,ok,172
1063,ok,114
1065,ok,12
1066,ok,51
1068,ok,6
1073,ok,52
1074,ok,8
1075,ok,269
1077,vazio,0
1083,ok,1
1084,vazio,0
1085,ok,5
1086,vazio,0
1087,vazio,0
1088,vazio,0
1089,ok,1
1090,ok,375
1093,vazio,0
1094,ok,2
1095,ok,96
1096,vazio,0
1097,vazio,0
1098,ok,73
1099,ok,58
1111,ok,64
1113,ok,102
1115,vazio,0
1116,vazio,0
1117,vazio,0
1118,vazio,0
1119,ok,6
1120,vazio,0
1122,vazio,0
1123,ok,5
1125,vazio,0
1126,ok,3
1129,vazio,0
1130,vazio,0
1135,vazio,0
1136,vazio,0
1137,vazio,0
1140,vazio,0
1149,ok,107
1150,vazio,0
1151,vazio,0
1152,ok,308
1153,ok,1
1154,vazio,0
1156,ok,3
1159,ok,3
1160,ok,216
1163,vazio,0
1165,vazio,0
1167,vazio,0
1168,ok,33
1169,ok,150
1170,ok,77
1171,vazio,0
1172,ok,98
1173,ok,22
1174,ok,36
1175,ok,34
1176,vazio,0
1177,vazio,0
1179,ok,2
1180,ok,2
1183,ok,49
1185,ok,49
1193,ok,84
1194,ok,282
1196,ok,57
1202,vazio,0
1203,ok,3
1204,ok,266
1205,ok,55
1206,ok,23
1212,vazio,0
1213,vazio,0
1214,ok,136
1215,ok,20
1216,ok,88
1217,vazio,0
1218,vazio,0
1219,ok,53
1220,vazio,0
1225,vazio,0
1226,ok,16
1227,vazio,0
1228,vazio,0
1229,ok,10
1232,vazio,0
1233,ok,590
1234,ok,313
1235,ok,140
1236,ok,267
1241,ok,49
1243,ok,113
1246,ok,116
1247,vazio,0
1248,ok,976
1249,vazio,0
1250,ok,107
1251,ok,74
1255,ok,154
1257,ok,36
1258,ok,8
1259,ok,11
1260,ok,2
1261,ok,38
1262,ok,75
1263,ok,12
1264,ok,145
1265,ok,104
1266,ok,23
1270,ok,591
1271,ok,6
1275,vazio,0
1278,ok,4
1279,ok,1
1280,vazio,0
1281,ok,10
1282,vazio,0
1283,ok,178
1284,vazio,0
1286,ok,6
1288,vazio,0
1289,vazio,0
1290,ok,6
1291,ok,26
1293,vazio,0
1294,ok,134
1295,vazio,0
1296,vazio,0
1297,ok,525
1298,ok,14
1299,vazio,0
1300,ok,84
1301,ok,140
1302,ok,7
1303,ok,6
1304,ok,10
1305,ok,34
1306,ok,129
1307,ok,70
1308,ok,38
1309,ok,23
1310,ok,116
1311,ok,175
1312,ok,27
1313,ok,1
1314,ok,1
1316,ok,302
1317,vazio,0
1318,vazio,0
1320,vazio,0
1321,vazio,0
1322,vazio,0
1323,ok,9
1324,ok,1
1325,ok,77
1326,ok,14
1327,vazio,0
1336,vazio,0
1338,vazio,0
1339,vazio,0
1340,vazio,0
1341,vazio,0
1342,vazio,0
1343,vazio,0
1344,vazio,0
1345,vazio,0
1346,vazio,0
1347,vazio,0
1348,vazio,0
1349,vazio,0
1351,ok,19
1352,ok,350
1353,ok,1
1354,ok,20
1355,ok,9
1356,vazio,0
1357,vazio,0
1358,ok,31
1359,vazio,0
1360,ok,45
1361,ok,182
1362,vazio,0
1367,ok,32
1368,vazio,0
1369,ok,587
1370,ok,544
1371,vazio,0
1372,vazio,0
1373,vazio,0
1374,vazio,0
1375,vazio,0
1377,vazio,0
1378,vazio,0
1379,vazio,0
1380,vazio,0
1381,vazio,0
1383,vazio,0
1386,ok,134
1387,vazio,0
1388,ok,6
1389,ok,2
1391,vazio,0
1392,ok,19
1393,vazio,0
1394,ok,3
1395,ok,17
1396,vazio,0
1397,ok,24
1398,ok,4
1400,ok,49
1401,ok,135
1402,ok,104
1403,ok,78
1404,vazio,0
1405,ok,102
1406,ok,95
1407,vazio,0
1409,vazio,0
1410,vazio,0
1412,vazio,0
1414,vazio,0
1415,ok,18
1416,ok,83
1417,vazio,0
1418,vazio,0
1419,vazio,0
1420,vazio,0
1421,ok,6
1422,ok,37
1423,ok,44
1424,ok,15
1425,vazio,0
1426,ok,21
1427,ok,20
1429,vazio,0
1430,vazio,0
1431,ok,47
1432,ok,52
1433,vazio,0
1434,ok,2
1435,vazio,0
1437,ok,872
1439,vazio,0
1440,ok,13
1441,ok,125
1442,ok,18
1450,vazio,0
1451,vazio,0
1452,ok,18
1453,ok,141
1454,ok,43
1455,ok,72
1456,vazio,0
1457,vazio,0
1458,vazio,0
1459,vazio,0
1461,vazio,0
1462,vazio,0
1463,vazio,0
1464,vazio,0
1465,vazio,0
1466,ok,13
1467,ok,14
1468,ok,10
1469,vazio,0
1470,vazio,0
1471,vazio,0
1472,vazio,0
1473,vazio,0
1474,ok,122
1475,vazio,0
1476,vazio,0
1477,vazio,0
1481,ok,17
1482,vazio,0
1483,ok,358
1484,vazio,0
1485,ok,13
1486,ok,21
1487,ok,39
1488,vazio,0
1490,ok,249
1491,ok,8
1492,ok,3
1493,vazio,0
1494,ok,31
1495,vazio,0
1496,vazio,0
1497,ok,18
1498,ok,13
1499,vazio,0
1500,ok,174
1501,ok,3
1504,vazio,0
1505,vazio,0
1506,vazio,0
1507,vazio,0
1508,ok,31
1509,vazio,0
1510,vazio,0
1511,vazio,0
1512,ok,38
1513,ok,7
1514,ok,4
1515,ok,4
1516,ok,3
1517,ok,8
1518,vazio,0
1519,ok,1
1520,vazio,0
1522,vazio,0
1523,vazio,0
1524,vazio,0
1525,vazio,0
1526,vazio,0
1527,vazio,0
1528,vazio,0
1529,vazio,0
1530,vazio,0
1531,vazio,0
1532,ok,46
1533,ok,30
1534,vazio,0
1535,vazio,0
1536,ok,61
1537,vazio,0
1538,vazio,0
1539,ok,9
1540,ok,12
1541,ok,81
1542,ok,3
1543,ok,4
1544,ok,78
1545,ok,65
1546,vazio,0
1547,ok,170
1548,ok,170
1549,ok,173
1550,vazio,0
1551,vazio,0
1552,ok,6
1553,vazio,0
1554,vazio,0
1555,vazio,0
1556,vazio,0
1557,vazio,0
1558,vazio,0
1559,vazio,0
1560,vazio,0
1561,ok,119
1562,ok,25
1563,ok,15
1564,ok,25
1565,ok,38
1566,vazio,0
1567,vazio,0
1568,vazio,0
1569,vazio,0
1570,vazio,0
1571,vazio,0
1572,vazio,0
1573,vazio,0
1574,vazio,0
1575,vazio,0
1576,vazio,0
1577,vazio,0
1578,vazio,0
1579,vazio,0
1580,vazio,0
1581,ok,15
1582,vazio,0
1583,vazio,0
1584,ok,84
1585,ok,2
1592,ok,87
1593,ok,37
1594,ok,27
1595,ok,74
1596,ok,19
1597,vazio,0
1598,ok,22
1599,ok,36
1600,ok,52
1601,ok,48
1602,ok,2
1603,ok,10
1604,ok,11
1605,ok,45
1606,vazio,0
1607,ok,36
1608,vazio,0
1609,ok,14
1610,ok,12
1611,ok,11
1612,vazio,0
1613,ok,5
1614,vazio,0
1615,ok,31
1616,ok,143
1617,ok,74
1618,ok,5
1619,vazio,0
1621,vazio,0
1622,vazio,0
1623,vazio,0
1624,vazio,0
1626,vazio,0
1629,vazio,0
1630,ok,16
1631,vazio,0
1632,vazio,0
1634,vazio,0
1635,ok,107
1636,ok,8
1637,ok,15
1638,ok,28
1639,vazio,0
1640,vazio,0
1642,vazio,0
1643,vazio,0
1649,ok,298
1650,ok,2
1651,ok,172
1652,ok,7
1653,vazio,0
1656,vazio,0
1657,vazio,0
1658,ok,18
1659,ok,18
1660,vazio,0
1661,ok,5
1662,vazio,0
1663,ok,23
1664,vazio,0
1665,ok,78
1666,vazio,0
1667,vazio,0
1668,vazio,0
1669,ok,13
1670,vazio,0
1671,vazio,0
1672,vazio,0
1673,vazio,0
1674,ok,25
1675,ok,1
1676,ok,3
1677,ok,1
1678,vazio,0
1679,vazio,0
1680,vazio,0
1681,ok,7
1682,vazio,0
1684,vazio,0
1685,vazio,0
1686,vazio,0
1687,ok,68
1688,ok,249
1689,vazio,0
1690,ok,10
1691,vazio,0
1692,ok,7
1694,ok,137
1695,ok,8
1696,vazio,0
1697,vazio,0
1698,ok,58
1699,vazio,0
1700,ok,145
1701,vazio,0
1702,vazio,0
1703,ok,1
1704,ok,644
1705,ok,57
1706,ok,10
1707,ok,36
1708,ok,12
1709,ok,1
1710,vazio,0
1711,ok,13
1712,ok,362
1713,ok,18
1714,vazio,0
1715,vazio,0
1716,ok,5
1717,ok,12
1718,ok,2
1719,vazio,0
1721,vazio,0
1722,ok,388
1723,vazio,0
1724,vazio,0
1725,vazio,0
1726,vazio,0
1727,ok,20
1728,ok,51
1729,ok,7
1730,ok,3
1731,ok,8
1733,ok,11
1734,ok,39
1735,ok,2
1736,ok,14
1737,vazio,0
1738,vazio,0
1740,ok,17
1741,ok,25
1742,ok,5
1743,ok,10
1744,vazio,0
1745,ok,15
1746,ok,49
1747,vazio,0
1748,vazio,0
1751,ok,60
1752,vazio,0
1754,ok,43
1755,ok,161
1756,ok,11
1757,vazio,0
1758,vazio,0
1759,vazio,0
1760,vazio,0
1761,vazio,0
1762,vazio,0
1763,vazio,0
1764,vazio,0
1765,vazio,0
1768,vazio,0
1770,ok,63
1771,ok,16
1772,vazio,0
1774,ok,178
1775,ok,1
1776,vazio,0
1777,vazio,0
1778,ok,7
1780,vazio,0
1781,vazio,0
1782,vazio,0
1783,vazio,0
1785,ok,17
1786,ok,7
1787,ok,32
1788,vazio,0
1789,vazio,0
1790,ok,54
1791,ok,6
1793,vazio,0
1795,vazio,0
1796,ok,2
1797,ok,25
1798,vazio,0
1799,ok,22
1800,ok,4
1802,ok,138
1803,ok,14
1811,ok,8
1812,ok,4
1813,ok,62
1814,ok,7
1815,vazio,0
1816,vazio,0
1817,vazio,0
1818,vazio,0
1819,vazio,0
1820,vazio,0
1821,vazio,0
1822,vazio,0
1823,vazio,0
1824,ok,33
1825,ok,40
1826,ok,2
1827,ok,2
1828,ok,66
1829,ok,12
1830,ok,50
1831,ok,21
1832,vazio,0
1833,ok,7
1834,ok,225
1835,vazio,0
1836,ok,303
1837,vazio,0
1840,vazio,0
1843,ok,42
1844,vazio,0
1845,ok,11
1846,ok,12
1847,ok,178
1848,ok,19
1849,ok,191
1850,vazio,0
1851,vazio,0
1852,ok,2
1853,ok,9
1854,ok,60
1855,ok,13
1856,ok,474
1858,ok,69
1859,ok,217
1861,vazio,0
1862,vazio,0
1863,ok,210
1864,ok,245
1865,vazio,0
1866,vazio,0
1867,vazio,0
1868,vazio,0
1869,vazio,0
1870,ok,1
1871,ok,45
1872,vazio,0
1873,ok,2
1874,ok,1
1875,ok,1
1876,ok,4
1877,ok,5
1878,ok,9
1879,ok,30
1880,vazio,0
1881,vazio,0
1882,vazio,0
1884,vazio,0
1885,ok,3
1886,vazio,0
1887,vazio,0
1888,vazio,0
1889,vazio,0
1890,ok,6
1891,vazio,0
1892,vazio,0
1893,ok,17
1894,ok,16
1895,vazio,0
1896,ok,40
1897,vazio,0
1898,ok,21
1899,ok,42
1900,vazio,0
1901,vazio,0
1902,vazio,0
1903,vazio,0
1904,vazio,0
1906,vazio,0
1907,vazio,0
1908,vazio,0
1909,vazio,0
1911,ok,46
1912,ok,63
1914,vazio,0
1916,ok,614
1917,vazio,0
1918,vazio,0
1919,ok,9
1920,ok,16
1921,vazio,0
1922,vazio,0
1924,vazio,0
1925,ok,15
1926,vazio,0
1927,ok,135
1928,vazio,0
1929,vazio,0
1930,ok,7
1931,ok,385
1932,vazio,0
1933,ok,30
1934,ok,7
1935,vazio,0
1936,vazio,0
1937,ok,3
1938,vazio,0
1939,vazio,0
1940,vazio,0
1941,ok,527
1942,vazio,0
1943,vazio,0
1944,ok,50
1945,ok,86
1946,ok,2
1947,ok,120
1948,vazio,0
1949,vazio,0
1950,vazio,0
1951,ok,3
1952,ok,2
1953,vazio,0
1954,vazio,0
1955,vazio,0
1958,ok,7
1959,vazio,0
1960,ok,3
1961,ok,3
1962,ok,3
1963,vazio,0
1964,vazio,0
1965,ok,7
1969,ok,84
1970,ok,91
1973,vazio,0
1974,ok,208
1975,ok,120
1976,vazio,0
1981,ok,275
1982,ok,230
1983,vazio,0
1984,vazio,0
1985,vazio,0
1986,ok,232
1987,ok,384
1988,ok,41
1989,ok,165
1990,vazio,0
1991,ok,33
1992,vazio,0
1993,vazio,0
1994,ok,154
1995,ok,363
1996,ok,96
1997,ok,124
1998,ok,501
1999,ok,386
2000,ok,741
2001,ok,322
2002,vazio,0
2003,vazio,0
2004,vazio,0
2005,ok,145
2006,ok,112
2007,ok,8
2008,ok,79
2009,ok,80
2010,ok,188
2011,ok,444
2012,ok,14
2013,ok,33
2014,ok,39
2015,vazio,0
2016,vazio,0
2017,vazio,0
2018,vazio,0
2019,vazio,0
2020,vazio,0
2021,vazio,0
2022,vazio,0
2024,vazio,0
2025,vazio,0
2026,vazio,0
2027,ok,60
2028,ok,73
2029,ok,145
2030,ok,32
2031,ok,41
2032,vazio,0
2033,ok,754
2034,vazio,0
2035,ok,318
2036,vazio,0
2037,vazio,0
2038,ok,9
2039,ok,5
2040,ok,4
2041,ok,2
2042,vazio,0
2043,vazio,0
2044,ok,56
2045,vazio,0
2046,ok,210
2047,ok,3
2048,ok,79
2049,ok,1
2050,vazio,0
2051,ok,86
2052,ok,86
2053,ok,83
2054,ok,26
2055,ok,11
2056,ok,14
2057,ok,151
2058,ok,34
2059,ok,1
2060,ok,5
2062,vazio,0
2063,vazio,0
2064,vazio,0
2065,ok,270
2066,ok,91
2067,ok,183
2068,ok,26
2069,vazio,0
2070,vazio,0
2071,vazio,0
2072,ok,474
2073,vazio,0
2074,vazio,0
2075,vazio,0
2076,vazio,0
2077,ok,178
2078,ok,172
2079,vazio,0
2080,ok,4
2081,ok,147
2082,vazio,0
2083,ok,12
2084,vazio,0
2085,vazio,0
2086,ok,202
2087,vazio,0
2088,ok,30
2089,vazio,0
2090,vazio,0
2091,vazio,0
2092,vazio,0
2093,ok,167
2094,ok,112
2095,ok,192
2096,vazio,0
2097,ok,1
2098,vazio,0
2099,ok,32
2103,ok,40
2104,vazio,0
2106,ok,386
2107,vazio,0
2108,vazio,0
2109,vazio,0
2110,vazio,0
2111,ok,26
2112,vazio,0
2113,vazio,0
2114,ok,2
2115,vazio,0
2116,vazio,0
2117,ok,12
2120,ok,10
2121,ok,115
2122,ok,13
2123,ok,39
2124,vazio,0
2126,vazio,0
2127,ok,174
2128,vazio,0
2129,vazio,0
2132,vazio,0
2133,vazio,0
2134,vazio,0
2135,ok,145
2136,vazio,0
2137,ok,72
2138,ok,17
2139,ok,9
2140,ok,271
2141,ok,7
2142,vazio,0
2143,ok,115
2144,vazio,0
2145,ok,24
2147,vazio,0
2148,vazio,0
2149,ok,208
2150,vazio,0
2153,vazio,0
2154,vazio,0
2155,vazio,0
2156,vazio,0
2157,ok,66
2158,vazio,0
2160,vazio,0
2161,ok,191
2163,ok,255
2164,vazio,0
2165,vazio,0
2166,vazio,0
2167,ok,13
2168,ok,65
2169,ok,19
2170,vazio,0
2171,vazio,0
2172,vazio,0
2173,vazio,0
2174,ok,149
2175,vazio,0
2176,vazio,0
2177,ok,39
2178,vazio,0
2179,ok,347
2180,ok,70
2181,ok,108
2182,vazio,0
2183,vazio,0
2184,ok,64
2185,vazio,0
2186,ok,17
2188,ok,14
2189,ok,16
2190,ok,250
2191,ok,97
2192,ok,166
2193,ok,4
2194,ok,97
2195,vazio,0
2196,ok,25
2197,vazio,0
2198,ok,60
2199,vazio,0
2200,vazio,0
2201,ok,87
2202,vazio,0
2204,ok,135
2205,vazio,0
2207,vazio,0
2208,vazio,0
2210,vazio,0
2211,ok,158
2212,ok,64
2213,ok,98
2214,ok,29
2215,ok,49
2216,ok,114
2217,ok,191
2218,ok,147
2219,vazio,0
2220,vazio,0
2221,vazio,0
2222,ok,77
2223,ok,145
2224,ok,27
2225,vazio,0
2226,vazio,0
2227,vazio,0
2228,ok,20
2229,vazio,0
2230,vazio,0
2231,ok,153
2232,ok,9
2233,vazio,0
2234,vazio,0
2235,ok,11
2236,ok,6
2237,ok,4
2238,ok,2
2239,vazio,0
2241,ok,2
2242,vazio,0
2243,ok,59
2244,ok,5
2245,vazio,0
2248,vazio,0
2250,vazio,0
2252,vazio,0
2254,vazio,0
2255,vazio,0
2258,vazio,0
2259,ok,74
2260,ok,144
2261,ok,31
2262,ok,30
2263,ok,9
2264,ok,26
2265,ok,22
2266,vazio,0
2267,ok,33
2268,ok,123
2269,ok,87
2270,ok,29
2271,ok,11
2272,ok,1
2273,ok,5
2274,ok,3
2275,vazio,0
2276,vazio,0
2277,vazio,0
2278,vazio,0
2279,ok,1
2280,vazio,0
2282,ok,51
2283,ok,21
2284,ok,76
2285,vazio,0
2286,ok,1
2287,ok,61
2288,vazio,0
2289,ok,19
2291,ok,60
2292,vazio,0
2293,ok,218
2294,vazio,0
2295,vazio,0
2296,ok,82
2297,ok,36
2298,ok,72
2299,vazio,0
2300,vazio,0
2301,vazio,0
2302,ok,34
2303,ok,127
2304,ok,7
2305,ok,72
2306,vazio,0
2307,ok,139
2308,vazio,0
2309,vazio,0
2310,vazio,0
2311,vazio,0
2312,ok,1
2313,vazio,0
2314,vazio,0
2315,ok,38
2316,ok,41
2317,ok,32
2318,ok,35
2319,ok,93
2320,vazio,0
2321,ok,22
2322,vazio,0
2323,ok,17
2324,vazio,0
2325,vazio,0
2326,vazio,0
2327,vazio,0
2328,vazio,0
2329,vazio,0
2330,vazio,0
2331,ok,86
2332,ok,2
2333,ok,49
2334,vazio,0
2335,vazio,0
2336,vazio,0
2337,vazio,0
2338,ok,22
2339,vazio,0
2340,vazio,0
2341,vazio,0
2342,vazio,0
2343,vazio,0
2344,vazio,0
2345,vazio,0
2346,vazio,0
2347,vazio,0
2348,vazio,0
2349,vazio,0
2350,vazio,0
2351,vazio,0
2352,ok,1
2353,ok,2
2354,ok,2
2355,ok,2
2356,ok,1
2357,ok,1
2358,ok,3
2359,vazio,0
2360,vazio,0
2361,vazio,0
2362,vazio,0
2363,vazio,0
2364,vazio,0
2365,vazio,0
2366,vazio,0
2367,vazio,0
2368,vazio,0
2369,vazio,0
2370,vazio,0
2371,vazio,0
2372,vazio,0
2373,vazio,0
2374,vazio,0
2375,vazio,0
2376,vazio,0
2377,vazio,0
